{
	"codes": [
		{
			"args": [0, 6, 255],
			"func": "loop"
		}
	],
	"frames": [
		{
			"outputs": [
				{
					"device": "left_shoulder_pitch",
					"value": -443
				},
				{
					"device": "left_thigh_yaw",
					"value": 140
				},
				{
					"device": "left_shoulder_roll",
					"value": -100
				},
				{
					"device": "left_elbow_roll",
					"value": -488
				},
				{
					"device": "left_thigh_roll",
					"value": 130
				},
				{
					"device": "left_thigh_pitch",
					"value": 43
				},
				{
					"device": "left_knee_pitch",
					"value": -306
				},
				{
					"device": "left_foot_pitch",
					"value": -292
				},
				{
					"device": "left_foot_roll",
					"value": 160
				},
				{
					"device": "right_shoulder_pitch",
					"value": 443
				},
				{
					"device": "right_thigh_yaw",
					"value": -150
				},
				{
					"device": "right_shoulder_roll",
					"value": 100
				},
				{
					"device": "right_elbow_roll",
					"value": 488
				},
				{
					"device": "right_thigh_roll",
					"value": 220
				},
				{
					"device": "right_thigh_pitch",
					"value": -416
				},
				{
					"device": "right_knee_pitch",
					"value": 706
				},
				{
					"device": "right_foot_pitch",
					"value": 204
				},
				{
					"device": "right_foot_roll",
					"value": 190
				}
			],
			"transition_time_ms": 1000
		},
		{
			"outputs": [
				{
					"device": "left_shoulder_pitch",
					"value": -443
				},
				{
					"device": "left_thigh_yaw",
					"value": 322
				},
				{
					"device": "left_shoulder_roll",
					"value": -100
				},
				{
					"device": "left_elbow_roll",
					"value": -488
				},
				{
					"device": "left_thigh_roll",
					"value": -5
				},
				{
					"device": "left_thigh_pitch",
					"value": 134
				},
				{
					"device": "left_knee_pitch",
					"value": -309
				},
				{
					"device": "left_foot_pitch",
					"value": -229
				},
				{
					"device": "left_foot_roll",
					"value": 72
				},
				{
					"device": "right_shoulder_pitch",
					"value": 443
				},
				{
					"device": "right_thigh_yaw",
					"value": -150
				},
				{
					"device": "right_shoulder_roll",
					"value": 100
				},
				{
					"device": "right_elbow_roll",
					"value": 488
				},
				{
					"device": "right_thigh_roll",
					"value": 22
				},
				{
					"device": "right_thigh_pitch",
					"value": -317
				},
				{
					"device": "right_knee_pitch",
					"value": 88
				},
				{
					"device": "right_foot_pitch",
					"value": -255
				},
				{
					"device": "right_foot_roll",
					"value": 150
				}
			],
			"transition_time_ms": 240
		},
		{
			"outputs": [
				{
					"device": "left_shoulder_pitch",
					"value": -443
				},
				{
					"device": "left_thigh_yaw",
					"value": 340
				},
				{
					"device": "left_shoulder_roll",
					"value": -100
				},
				{
					"device": "left_elbow_roll",
					"value": -488
				},
				{
					"device": "left_thigh_roll",
					"value": -211
				},
				{
					"device": "left_thigh_pitch",
					"value": 127
				},
				{
					"device": "left_knee_pitch",
					"value": -312
				},
				{
					"device": "left_foot_pitch",
					"value": -237
				},
				{
					"device": "left_foot_roll",
					"value": -388
				},
				{
					"device": "right_shoulder_pitch",
					"value": 443
				},
				{
					"device": "right_thigh_yaw",
					"value": -150
				},
				{
					"device": "right_shoulder_roll",
					"value": 100
				},
				{
					"device": "right_elbow_roll",
					"value": 488
				},
				{
					"device": "right_thigh_roll",
					"value": -105
				},
				{
					"device": "right_thigh_pitch",
					"value": -76
				},
				{
					"device": "right_knee_pitch",
					"value": 402
				},
				{
					"device": "right_foot_pitch",
					"value": 348
				},
				{
					"device": "right_foot_roll",
					"value": -128
				}
			],
			"transition_time_ms": 260
		},
		{
			"outputs": [
				{
					"device": "left_shoulder_pitch",
					"value": -443
				},
				{
					"device": "left_thigh_yaw",
					"value": 12
				},
				{
					"device": "left_shoulder_roll",
					"value": -100
				},
				{
					"device": "left_elbow_roll",
					"value": -488
				},
				{
					"device": "left_thigh_roll",
					"value": -220
				},
				{
					"device": "left_thigh_pitch",
					"value": 284
				},
				{
					"device": "left_knee_pitch",
					"value": -706
				},
				{
					"device": "left_foot_pitch",
					"value": -437
				},
				{
					"device": "left_foot_roll",
					"value": -225
				},
				{
					"device": "right_shoulder_pitch",
					"value": 443
				},
				{
					"device": "right_thigh_yaw",
					"value": -140
				},
				{
					"device": "right_shoulder_roll",
					"value": 100
				},
				{
					"device": "right_elbow_roll",
					"value": 488
				},
				{
					"device": "right_thigh_roll",
					"value": -130
				},
				{
					"device": "right_thigh_pitch",
					"value": -43
				},
				{
					"device": "right_knee_pitch",
					"value": 305
				},
				{
					"device": "right_foot_pitch",
					"value": 286
				},
				{
					"device": "right_foot_roll",
					"value": -160
				}
			],
			"transition_time_ms": 260
		},
		{
			"outputs": [
				{
					"device": "left_shoulder_pitch",
					"value": -443
				},
				{
					"device": "left_thigh_yaw",
					"value": 12
				},
				{
					"device": "left_shoulder_roll",
					"value": -100
				},
				{
					"device": "left_elbow_roll",
					"value": -488
				},
				{
					"device": "left_thigh_roll",
					"value": -220
				},
				{
					"device": "left_thigh_pitch",
					"value": 284
				},
				{
					"device": "left_knee_pitch",
					"value": -706
				},
				{
					"device": "left_foot_pitch",
					"value": -437
				},
				{
					"device": "left_foot_roll",
					"value": -225
				},
				{
					"device": "right_shoulder_pitch",
					"value": 443
				},
				{
					"device": "right_thigh_yaw",
					"value": -140
				},
				{
					"device": "right_shoulder_roll",
					"value": 100
				},
				{
					"device": "right_elbow_roll",
					"value": 488
				},
				{
					"device": "right_thigh_roll",
					"value": -130
				},
				{
					"device": "right_thigh_pitch",
					"value": -43
				},
				{
					"device": "right_knee_pitch",
					"value": 305
				},
				{
					"device": "right_foot_pitch",
					"value": 286
				},
				{
					"device": "right_foot_roll",
					"value": -160
				}
			],
			"transition_time_ms": 260
		},
		{
			"outputs": [
				{
					"device": "left_shoulder_pitch",
					"value": -443
				},
				{
					"device": "left_thigh_yaw",
					"value": -57
				},
				{
					"device": "left_shoulder_roll",
					"value": -100
				},
				{
					"device": "left_elbow_roll",
					"value": -488
				},
				{
					"device": "left_thigh_roll",
					"value": 91
				},
				{
					"device": "left_thigh_pitch",
					"value": 151
				},
				{
					"device": "left_knee_pitch",
					"value": -333
				},
				{
					"device": "left_foot_pitch",
					"value": -241
				},
				{
					"device": "left_foot_roll",
					"value": 102
				},
				{
					"device": "right_shoulder_pitch",
					"value": 443
				},
				{
					"device": "right_thigh_yaw",
					"value": -140
				},
				{
					"device": "right_shoulder_roll",
					"value": 100
				},
				{
					"device": "right_elbow_roll",
					"value": 488
				},
				{
					"device": "right_thigh_roll",
					"value": 84
				},
				{
					"device": "right_thigh_pitch",
					"value": -151
				},
				{
					"device": "right_knee_pitch",
					"value": 333
				},
				{
					"device": "right_foot_pitch",
					"value": 241
				},
				{
					"device": "right_foot_roll",
					"value": 135
				}
			],
			"transition_time_ms": 260
		},
		{
			"outputs": [
				{
					"device": "left_shoulder_pitch",
					"value": 0
				},
				{
					"device": "left_thigh_yaw",
					"value": 0
				},
				{
					"device": "left_shoulder_roll",
					"value": 0
				},
				{
					"device": "left_elbow_roll",
					"value": 0
				},
				{
					"device": "left_thigh_roll",
					"value": 0
				},
				{
					"device": "left_thigh_pitch",
					"value": 0
				},
				{
					"device": "left_knee_pitch",
					"value": 0
				},
				{
					"device": "left_foot_pitch",
					"value": 0
				},
				{
					"device": "left_foot_roll",
					"value": 0
				},
				{
					"device": "right_shoulder_pitch",
					"value": 0
				},
				{
					"device": "right_thigh_yaw",
					"value": 0
				},
				{
					"device": "right_shoulder_roll",
					"value": 0
				},
				{
					"device": "right_elbow_roll",
					"value": 0
				},
				{
					"device": "right_thigh_roll",
					"value": 0
				},
				{
					"device": "right_thigh_pitch",
					"value": 0
				},
				{
					"device": "right_knee_pitch",
					"value": 0
				},
				{
					"device": "right_foot_pitch",
					"value": 0
				},
				{
					"device": "right_foot_roll",
					"value": 0
				}
			],
			"transition_time_ms": 300
		}
	],
	"name": "Skating RTurn",
	"slot": 80
}