{
	"codes": [],
	"frames": [
		{
			"outputs": [
				{
					"device": "left_shoulder_pitch",
					"value": 0
				},
				{
					"device": "left_thigh_yaw",
					"value": 0
				},
				{
					"device": "left_shoulder_roll",
					"value": 0
				},
				{
					"device": "left_elbow_roll",
					"value": 0
				},
				{
					"device": "left_thigh_roll",
					"value": 0
				},
				{
					"device": "left_thigh_pitch",
					"value": 0
				},
				{
					"device": "left_knee_pitch",
					"value": 0
				},
				{
					"device": "left_foot_pitch",
					"value": 0
				},
				{
					"device": "left_foot_roll",
					"value": 0
				},
				{
					"device": "right_shoulder_pitch",
					"value": 0
				},
				{
					"device": "right_thigh_yaw",
					"value": 0
				},
				{
					"device": "right_shoulder_roll",
					"value": 0
				},
				{
					"device": "right_elbow_roll",
					"value": 0
				},
				{
					"device": "right_thigh_roll",
					"value": 0
				},
				{
					"device": "right_thigh_pitch",
					"value": 0
				},
				{
					"device": "right_knee_pitch",
					"value": 0
				},
				{
					"device": "right_foot_pitch",
					"value": 0
				},
				{
					"device": "right_foot_roll",
					"value": 0
				}
			],
			"transition_time_ms": 800
		},
		{
			"outputs": [
				{
					"device": "left_shoulder_pitch",
					"value": -40
				},
				{
					"device": "left_thigh_yaw",
					"value": 250
				},
				{
					"device": "left_shoulder_roll",
					"value": -200
				},
				{
					"device": "left_elbow_roll",
					"value": -320
				},
				{
					"device": "left_thigh_roll",
					"value": -60
				},
				{
					"device": "left_thigh_pitch",
					"value": 10
				},
				{
					"device": "left_knee_pitch",
					"value": -20
				},
				{
					"device": "left_foot_pitch",
					"value": -20
				},
				{
					"device": "left_foot_roll",
					"value": -60
				},
				{
					"device": "right_shoulder_pitch",
					"value": 60
				},
				{
					"device": "right_thigh_yaw",
					"value": -240
				},
				{
					"device": "right_shoulder_roll",
					"value": 190
				},
				{
					"device": "right_elbow_roll",
					"value": 320
				},
				{
					"device": "right_thigh_roll",
					"value": 60
				},
				{
					"device": "right_thigh_pitch",
					"value": 0
				},
				{
					"device": "right_knee_pitch",
					"value": 20
				},
				{
					"device": "right_foot_pitch",
					"value": 20
				},
				{
					"device": "right_foot_roll",
					"value": 60
				}
			],
			"transition_time_ms": 300
		}
	],
	"name": "Brake for Back",
	"slot": 47
}