{
	"codes": [],
	"frames": [
		{
			"outputs": [
				{
					"device": "left_shoulder_pitch",
					"value": 0
				},
				{
					"device": "left_thigh_yaw",
					"value": 0
				},
				{
					"device": "left_shoulder_roll",
					"value": 0
				},
				{
					"device": "left_elbow_roll",
					"value": 0
				},
				{
					"device": "left_thigh_roll",
					"value": 0
				},
				{
					"device": "left_thigh_pitch",
					"value": 0
				},
				{
					"device": "left_knee_pitch",
					"value": 0
				},
				{
					"device": "left_foot_pitch",
					"value": 0
				},
				{
					"device": "left_foot_roll",
					"value": 0
				},
				{
					"device": "right_shoulder_pitch",
					"value": 0
				},
				{
					"device": "right_thigh_yaw",
					"value": 0
				},
				{
					"device": "right_shoulder_roll",
					"value": 0
				},
				{
					"device": "right_elbow_roll",
					"value": 0
				},
				{
					"device": "right_thigh_roll",
					"value": 0
				},
				{
					"device": "right_thigh_pitch",
					"value": 0
				},
				{
					"device": "right_knee_pitch",
					"value": 0
				},
				{
					"device": "right_foot_pitch",
					"value": 0
				},
				{
					"device": "right_foot_roll",
					"value": 0
				}
			],
			"transition_time_ms": 32
		}
	],
	"name": "Empty",
	"slot": 65
}