{
	"codes": [
		{
			"args": [3, 6, 255],
			"func": "loop"
		}
	],
	"frames": [
		{
			"outputs": [
				{
					"device": "left_shoulder_pitch",
					"value": 0
				},
				{
					"device": "left_thigh_yaw",
					"value": 0
				},
				{
					"device": "left_shoulder_roll",
					"value": 0
				},
				{
					"device": "left_elbow_roll",
					"value": 0
				},
				{
					"device": "left_thigh_roll",
					"value": 0
				},
				{
					"device": "left_thigh_pitch",
					"value": 0
				},
				{
					"device": "left_knee_pitch",
					"value": 0
				},
				{
					"device": "left_foot_pitch",
					"value": 0
				},
				{
					"device": "left_foot_roll",
					"value": 0
				},
				{
					"device": "right_shoulder_pitch",
					"value": 0
				},
				{
					"device": "right_thigh_yaw",
					"value": 0
				},
				{
					"device": "right_shoulder_roll",
					"value": 0
				},
				{
					"device": "right_elbow_roll",
					"value": 0
				},
				{
					"device": "right_thigh_roll",
					"value": 0
				},
				{
					"device": "right_thigh_pitch",
					"value": 0
				},
				{
					"device": "right_knee_pitch",
					"value": 0
				},
				{
					"device": "right_foot_pitch",
					"value": 0
				},
				{
					"device": "right_foot_roll",
					"value": 0
				}
			],
			"transition_time_ms": 100
		},
		{
			"outputs": [
				{
					"device": "left_shoulder_pitch",
					"value": -443
				},
				{
					"device": "left_thigh_yaw",
					"value": -140
				},
				{
					"device": "left_shoulder_roll",
					"value": -100
				},
				{
					"device": "left_elbow_roll",
					"value": -78
				},
				{
					"device": "left_thigh_roll",
					"value": -50
				},
				{
					"device": "left_thigh_pitch",
					"value": 50
				},
				{
					"device": "left_knee_pitch",
					"value": -308
				},
				{
					"device": "left_foot_pitch",
					"value": -214
				},
				{
					"device": "left_foot_roll",
					"value": -70
				},
				{
					"device": "right_shoulder_pitch",
					"value": 443
				},
				{
					"device": "right_thigh_yaw",
					"value": 150
				},
				{
					"device": "right_shoulder_roll",
					"value": 100
				},
				{
					"device": "right_elbow_roll",
					"value": 58
				},
				{
					"device": "right_thigh_roll",
					"value": 50
				},
				{
					"device": "right_thigh_pitch",
					"value": -43
				},
				{
					"device": "right_knee_pitch",
					"value": 306
				},
				{
					"device": "right_foot_pitch",
					"value": 222
				},
				{
					"device": "right_foot_roll",
					"value": 70
				}
			],
			"transition_time_ms": 480
		},
		{
			"outputs": [
				{
					"device": "left_shoulder_pitch",
					"value": -443
				},
				{
					"device": "left_thigh_yaw",
					"value": -140
				},
				{
					"device": "left_shoulder_roll",
					"value": -100
				},
				{
					"device": "left_elbow_roll",
					"value": -488
				},
				{
					"device": "left_thigh_roll",
					"value": 130
				},
				{
					"device": "left_thigh_pitch",
					"value": 50
				},
				{
					"device": "left_knee_pitch",
					"value": -308
				},
				{
					"device": "left_foot_pitch",
					"value": -214
				},
				{
					"device": "left_foot_roll",
					"value": 160
				},
				{
					"device": "right_shoulder_pitch",
					"value": 443
				},
				{
					"device": "right_thigh_yaw",
					"value": 150
				},
				{
					"device": "right_shoulder_roll",
					"value": 100
				},
				{
					"device": "right_elbow_roll",
					"value": 488
				},
				{
					"device": "right_thigh_roll",
					"value": 230
				},
				{
					"device": "right_thigh_pitch",
					"value": 71
				},
				{
					"device": "right_knee_pitch",
					"value": 190
				},
				{
					"device": "right_foot_pitch",
					"value": 501
				},
				{
					"device": "right_foot_roll",
					"value": 290
				}
			],
			"transition_time_ms": 360
		},
		{
			"outputs": [
				{
					"device": "left_shoulder_pitch",
					"value": -443
				},
				{
					"device": "left_thigh_yaw",
					"value": -210
				},
				{
					"device": "left_shoulder_roll",
					"value": -100
				},
				{
					"device": "left_elbow_roll",
					"value": -488
				},
				{
					"device": "left_thigh_roll",
					"value": 130
				},
				{
					"device": "left_thigh_pitch",
					"value": 50
				},
				{
					"device": "left_knee_pitch",
					"value": -308
				},
				{
					"device": "left_foot_pitch",
					"value": -214
				},
				{
					"device": "left_foot_roll",
					"value": 180
				},
				{
					"device": "right_shoulder_pitch",
					"value": 443
				},
				{
					"device": "right_thigh_yaw",
					"value": 127
				},
				{
					"device": "right_shoulder_roll",
					"value": 100
				},
				{
					"device": "right_elbow_roll",
					"value": 488
				},
				{
					"device": "right_thigh_roll",
					"value": 173
				},
				{
					"device": "right_thigh_pitch",
					"value": 266
				},
				{
					"device": "right_knee_pitch",
					"value": 200
				},
				{
					"device": "right_foot_pitch",
					"value": 408
				},
				{
					"device": "right_foot_roll",
					"value": 290
				}
			],
			"transition_time_ms": 260
		},
		{
			"outputs": [
				{
					"device": "left_shoulder_pitch",
					"value": -443
				},
				{
					"device": "left_thigh_yaw",
					"value": -100
				},
				{
					"device": "left_shoulder_roll",
					"value": -170
				},
				{
					"device": "left_elbow_roll",
					"value": -668
				},
				{
					"device": "left_thigh_roll",
					"value": -199
				},
				{
					"device": "left_thigh_pitch",
					"value": 3
				},
				{
					"device": "left_knee_pitch",
					"value": -175
				},
				{
					"device": "left_foot_pitch",
					"value": -183
				},
				{
					"device": "left_foot_roll",
					"value": -275
				},
				{
					"device": "right_shoulder_pitch",
					"value": 424
				},
				{
					"device": "right_thigh_yaw",
					"value": 330
				},
				{
					"device": "right_shoulder_roll",
					"value": 203
				},
				{
					"device": "right_elbow_roll",
					"value": 616
				},
				{
					"device": "right_thigh_roll",
					"value": -111
				},
				{
					"device": "right_thigh_pitch",
					"value": -163
				},
				{
					"device": "right_knee_pitch",
					"value": 561
				},
				{
					"device": "right_foot_pitch",
					"value": 338
				},
				{
					"device": "right_foot_roll",
					"value": -154
				}
			],
			"transition_time_ms": 420
		},
		{
			"outputs": [
				{
					"device": "left_shoulder_pitch",
					"value": -443
				},
				{
					"device": "left_thigh_yaw",
					"value": -127
				},
				{
					"device": "left_shoulder_roll",
					"value": -100
				},
				{
					"device": "left_elbow_roll",
					"value": -488
				},
				{
					"device": "left_thigh_roll",
					"value": -173
				},
				{
					"device": "left_thigh_pitch",
					"value": -259
				},
				{
					"device": "left_knee_pitch",
					"value": -202
				},
				{
					"device": "left_foot_pitch",
					"value": -400
				},
				{
					"device": "left_foot_roll",
					"value": -290
				},
				{
					"device": "right_shoulder_pitch",
					"value": 443
				},
				{
					"device": "right_thigh_yaw",
					"value": 210
				},
				{
					"device": "right_shoulder_roll",
					"value": 100
				},
				{
					"device": "right_elbow_roll",
					"value": 488
				},
				{
					"device": "right_thigh_roll",
					"value": -130
				},
				{
					"device": "right_thigh_pitch",
					"value": -43
				},
				{
					"device": "right_knee_pitch",
					"value": 306
				},
				{
					"device": "right_foot_pitch",
					"value": 222
				},
				{
					"device": "right_foot_roll",
					"value": -180
				}
			],
			"transition_time_ms": 500
		},
		{
			"outputs": [
				{
					"device": "left_shoulder_pitch",
					"value": -443
				},
				{
					"device": "left_thigh_yaw",
					"value": -330
				},
				{
					"device": "left_shoulder_roll",
					"value": -170
				},
				{
					"device": "left_elbow_roll",
					"value": -668
				},
				{
					"device": "left_thigh_roll",
					"value": 111
				},
				{
					"device": "left_thigh_pitch",
					"value": 170
				},
				{
					"device": "left_knee_pitch",
					"value": -563
				},
				{
					"device": "left_foot_pitch",
					"value": -330
				},
				{
					"device": "left_foot_roll",
					"value": 154
				},
				{
					"device": "right_shoulder_pitch",
					"value": 424
				},
				{
					"device": "right_thigh_yaw",
					"value": 100
				},
				{
					"device": "right_shoulder_roll",
					"value": 203
				},
				{
					"device": "right_elbow_roll",
					"value": 616
				},
				{
					"device": "right_thigh_roll",
					"value": 199
				},
				{
					"device": "right_thigh_pitch",
					"value": 4
				},
				{
					"device": "right_knee_pitch",
					"value": 173
				},
				{
					"device": "right_foot_pitch",
					"value": 191
				},
				{
					"device": "right_foot_roll",
					"value": 265
				}
			],
			"transition_time_ms": 420
		},
		{
			"outputs": [
				{
					"device": "left_shoulder_pitch",
					"value": -443
				},
				{
					"device": "left_thigh_yaw",
					"value": -210
				},
				{
					"device": "left_shoulder_roll",
					"value": -100
				},
				{
					"device": "left_elbow_roll",
					"value": -488
				},
				{
					"device": "left_thigh_roll",
					"value": 130
				},
				{
					"device": "left_thigh_pitch",
					"value": 50
				},
				{
					"device": "left_knee_pitch",
					"value": -308
				},
				{
					"device": "left_foot_pitch",
					"value": -214
				},
				{
					"device": "left_foot_roll",
					"value": 180
				},
				{
					"device": "right_shoulder_pitch",
					"value": 443
				},
				{
					"device": "right_thigh_yaw",
					"value": 127
				},
				{
					"device": "right_shoulder_roll",
					"value": 100
				},
				{
					"device": "right_elbow_roll",
					"value": 488
				},
				{
					"device": "right_thigh_roll",
					"value": 173
				},
				{
					"device": "right_thigh_pitch",
					"value": 266
				},
				{
					"device": "right_knee_pitch",
					"value": 200
				},
				{
					"device": "right_foot_pitch",
					"value": 408
				},
				{
					"device": "right_foot_roll",
					"value": 290
				}
			],
			"transition_time_ms": 500
		},
		{
			"outputs": [
				{
					"device": "left_shoulder_pitch",
					"value": 0
				},
				{
					"device": "left_thigh_yaw",
					"value": 0
				},
				{
					"device": "left_shoulder_roll",
					"value": 0
				},
				{
					"device": "left_elbow_roll",
					"value": 0
				},
				{
					"device": "left_thigh_roll",
					"value": 0
				},
				{
					"device": "left_thigh_pitch",
					"value": 0
				},
				{
					"device": "left_knee_pitch",
					"value": 0
				},
				{
					"device": "left_foot_pitch",
					"value": 0
				},
				{
					"device": "left_foot_roll",
					"value": 0
				},
				{
					"device": "right_shoulder_pitch",
					"value": 0
				},
				{
					"device": "right_thigh_yaw",
					"value": 0
				},
				{
					"device": "right_shoulder_roll",
					"value": 0
				},
				{
					"device": "right_elbow_roll",
					"value": 0
				},
				{
					"device": "right_thigh_roll",
					"value": 0
				},
				{
					"device": "right_thigh_pitch",
					"value": 0
				},
				{
					"device": "right_knee_pitch",
					"value": 0
				},
				{
					"device": "right_foot_pitch",
					"value": 0
				},
				{
					"device": "right_foot_roll",
					"value": 0
				}
			],
			"transition_time_ms": 260
		}
	],
	"name": "Skating Back",
	"slot": 81
}